{"cameraMode":{"drawMode":0,"name":"Shaded","section":"Shading Mode"},"sceneLighting":false,"audioPlay":false,"sceneViewState":{"showFog":true,"showMaterialUpdate":false,"showSkybox":false,"showFlares":true,"showImageEffects":true,"showParticleSystems":true,"showVisualEffectGraphs":true,"m_FxEnabled":true},"in2DMode":false,"pivot":{"x":-10.011187553405762,"y":3.089629888534546,"z":-0.0000035762786865234377},"rotation":{"x":0.6496291160583496,"y":0.017557969316840173,"z":-0.015010233968496323,"w":0.7599023580551148},"size":5.104078769683838,"orthographic":false}