{"cameraMode":{"drawMode":0,"name":"Shaded","section":"Shading Mode"},"sceneLighting":false,"audioPlay":false,"sceneViewState":{"showFog":true,"showMaterialUpdate":false,"showSkybox":false,"showFlares":true,"showImageEffects":true,"showParticleSystems":true,"showVisualEffectGraphs":true,"m_FxEnabled":true},"in2DMode":false,"pivot":{"x":24.442501068115236,"y":14.57688045501709,"z":0.8000030517578125},"rotation":{"x":-0.07255443930625916,"y":-0.26396098732948305,"z":0.019916895776987077,"w":-0.9616052508354187},"size":23.827085494995118,"orthographic":true}